<eml:eml xmlns:eml="eml://ecoinformatics.org/eml-2.1.1"
         xmlns:dc="http://purl.org/dc/terms/"
         xmlns:xsi="http://www.w3.org/2001/XMLSchema-instance"
         xsi:schemaLocation="eml://ecoinformatics.org/eml-2.1.1 http://rs.gbif.org/schema/eml-gbif-profile/1.0.2/eml.xsd"
         packageId="b22b10e7-86da-4b80-8f49-f3f958a2463d/v6" system="http://gbif.org" scope="system"
         xml:lang="eng">

<dataset>
  <alternateIdentifier>b22b10e7-86da-4b80-8f49-f3f958a2463d</alternateIdentifier>
  <alternateIdentifier>http://data.canadensys.net/ipt/resource.do?r=win-vascular-specimens</alternateIdentifier>
  <title xml:lang="eng">University of Manitoba Herbarium (WIN) - Vascular Plant Collection</title>
<creator>
    <individualName>
        <givenName>Bruce</givenName>
      <surName>Ford</surName>
    </individualName>
    <organizationName>University of Manitoba</organizationName>
    <positionName>Professor and Curator</positionName>
    <address>
        <deliveryPoint>433 Buller building</deliveryPoint>
        <city>Winnipeg</city>
        <administrativeArea>Manitoba</administrativeArea>
        <postalCode>R3T 2N2</postalCode>
        <country>CA</country>
    </address>
    <phone>1-204-474-6994</phone>
    <electronicMailAddress>bford@cc.umanitoba.ca</electronicMailAddress>
    <onlineUrl>http://home.cc.umanitoba.ca/~bford/</onlineUrl>
</creator>
<metadataProvider>
    <individualName>
        <givenName>Bruce</givenName>
      <surName>Ford</surName>
    </individualName>
    <organizationName>University of Manitoba</organizationName>
    <positionName>Professor and Curator</positionName>
    <address>
        <deliveryPoint>433 Buller building</deliveryPoint>
        <city>Winnipeg</city>
        <administrativeArea>Manitoba</administrativeArea>
        <postalCode>R3T 2N2</postalCode>
        <country>CA</country>
    </address>
    <phone>1-204-474-6994</phone>
    <electronicMailAddress>bford@cc.umanitoba.ca</electronicMailAddress>
    <onlineUrl>http://home.cc.umanitoba.ca/~bford/</onlineUrl>
</metadataProvider>
    <associatedParty>
    <individualName>
        <givenName>Elizabeth</givenName>
      <surName>Punter</surName>
    </individualName>
    <organizationName>University of Manitoba</organizationName>
    <positionName>Assistant Curator</positionName>
    <address>
        <deliveryPoint>426 Buller Building</deliveryPoint>
        <city>Winnipeg</city>
        <administrativeArea>Manitoba</administrativeArea>
        <postalCode>R3T 2N2</postalCode>
        <country>CA</country>
    </address>
    <phone>1-204-474-9208</phone>
    <electronicMailAddress>punterec@cc.umanitoba.ca</electronicMailAddress>
    <onlineUrl>http://home.cc.umanitoba.ca/~bford/herbarium.html</onlineUrl>
    <role>custodianSteward</role>
    </associatedParty>
    <associatedParty>
    <individualName>
        <givenName>Diana</givenName>
      <surName>Sawatzky</surName>
    </individualName>
    <organizationName>University of Manitoba</organizationName>
    <positionName>Database Technician</positionName>
    <address>
        <deliveryPoint>426 Buller Building</deliveryPoint>
        <city>Winnipeg</city>
        <administrativeArea>Manitoba</administrativeArea>
        <postalCode>R3T 2N2</postalCode>
        <country>CA</country>
    </address>
    <phone>1-204-474-9208</phone>
    <electronicMailAddress>ms.d.sawatzky@gmail.com</electronicMailAddress>
    <onlineUrl>http://home.cc.umanitoba.ca/~bford/herbarium.html</onlineUrl>
    <role>contentProvider</role>
    </associatedParty>
    <associatedParty>
    <individualName>
        <givenName>Mason</givenName>
      <surName>Kulbaba</surName>
    </individualName>
    <organizationName>University of Manitoba</organizationName>
    <positionName>Database Technician</positionName>
    <address>
        <deliveryPoint>433 Buller Building</deliveryPoint>
        <city>Winnipeg</city>
        <administrativeArea>Manitoba</administrativeArea>
        <postalCode>R3T 2N2</postalCode>
        <country>CA</country>
    </address>
    <phone>1-204-474-6994</phone>
    <electronicMailAddress>umkulbam@cc.umanitoba.ca</electronicMailAddress>
    <onlineUrl>http://home.cc.umanitoba.ca/~bford/herbarium.html</onlineUrl>
    <role>contentProvider</role>
    </associatedParty>
    <associatedParty>
    <organizationName>University of Manitoba</organizationName>
    <address>
        <deliveryPoint>66 Chancellors Circle</deliveryPoint>
        <city>Winnipeg</city>
        <administrativeArea>Manitoba</administrativeArea>
        <postalCode>R3T 2N2</postalCode>
        <country>CA</country>
    </address>
    <role>publisher</role>
    </associatedParty>
<pubDate>
      	2013-07-10
</pubDate>
<language>eng</language>
<abstract>
  <para>Founded in 1907, the Herbarium of the Department of Biological Sciences (WIN) houses the most extensive and broadly representative collection of plants in Manitoba, approximately 75,000 vascular plants. There is also a reference seed collection. Many of the specimens represent vouchers for various floristic, environmental, and ecological studies carried out by present and former members of the Department and the broader scientific community. The collections have played an important role in the development of such publications as Budd’s Flora of the Canadian Prairie Provinces and Scoggan’s Flora of Manitoba and Flora of Canada. They also provide an important reference source for floristic and vegetation studies within the province. Most recently the collections have been used as a source of genetic material for a number of molecular phylogenetic studies, especially those on the systematics of Carex for documenting the distribution and ecology of Manitoba’s rare and endangered plants species, and for providing distributional and taxonomic information for the Flora of North America Project. This dataset represents the digitized vascular plant specimens collected in Manitoba.</para>
</abstract>
      <keywordSet>
            <keyword>WIN</keyword>
            <keyword>University of Manitoba Herbarium</keyword>
            <keyword>University of Manitoba</keyword>
            <keyword>Canadensys</keyword>
            <keyword>Canada</keyword>
            <keyword>Manitoba</keyword>
            <keyword>collection</keyword>
            <keyword>herbarium</keyword>
            <keyword>specimens</keyword>
            <keyword>vascular plants</keyword>
        <keywordThesaurus>n/a</keywordThesaurus>
      </keywordSet>
      <keywordSet>
            <keyword>Occurrence</keyword>
        <keywordThesaurus>GBIF Dataset Type Vocabulary: http://rs.gbif.org/vocabulary/gbif/dataset_type.xml</keywordThesaurus>
      </keywordSet>
  <intellectualRights>
    <para>http://creativecommons.org/publicdomain/zero/1.0/ &amp; http://www.canadensys.net/norms</para>
  </intellectualRights>
  <distribution scope="document">
    <online>
      <url function="information">http://home.cc.umanitoba.ca/~bford/herbarium.html</url>
    </online>
  </distribution>
  <coverage>
      <geographicCoverage>
          <geographicDescription>The dataset represents vascular plant specimens collected in Manitoba.</geographicDescription>
        <boundingCoordinates>
          <westBoundingCoordinate>-102</westBoundingCoordinate>
          <eastBoundingCoordinate>-88.81</eastBoundingCoordinate>
          <northBoundingCoordinate>60.02</northBoundingCoordinate>
          <southBoundingCoordinate>48.99</southBoundingCoordinate>
        </boundingCoordinates>
      </geographicCoverage>
          <taxonomicCoverage>
              <generalTaxonomicCoverage>The dataset represents vascular plant specimens collected in Manitoba.</generalTaxonomicCoverage>
              <taxonomicClassification>
                  <taxonRankName>kingdom</taxonRankName>
                <taxonRankValue>Plantae</taxonRankValue>
                  <commonName>Plants</commonName>
              </taxonomicClassification>
          </taxonomicCoverage>
  </coverage>
  <contact>
    <individualName>
        <givenName>Bruce</givenName>
      <surName>Ford</surName>
    </individualName>
    <organizationName>University of Manitoba</organizationName>
    <positionName>Professor and Curator</positionName>
    <address>
        <deliveryPoint>433 Buller building</deliveryPoint>
        <city>Winnipeg</city>
        <administrativeArea>Manitoba</administrativeArea>
        <postalCode>R3T 2N2</postalCode>
        <country>CA</country>
    </address>
    <phone>1-204-474-6994</phone>
    <electronicMailAddress>bford@cc.umanitoba.ca</electronicMailAddress>
    <onlineUrl>http://home.cc.umanitoba.ca/~bford/</onlineUrl>
  </contact>
</dataset>
  <additionalMetadata>
    <metadata>
      <gbif>
          <dateStamp>2012-04-17T11:10:17.020-04:00</dateStamp>
          <hierarchyLevel>dataset</hierarchyLevel>
            <citation identifier="doi:10.5886/2fva5p4r">University of Manitoba Herbarium (WIN) from University of Manitoba. http://dx.doi.org/10.5886/2fva5p4r (accessed on [date])</citation>
            <physical>
              <objectName>Canadensys explorer</objectName>
              <characterEncoding>UTF-8</characterEncoding>
              <dataFormat>
                <externallyDefinedFormat>
                  <formatName>HTML</formatName>
                </externallyDefinedFormat>
              </dataFormat>
              <distribution>
                <online>
                  <url function="download">http://data.canadensys.net/explorer/d/win-vascular-specimens</url>
                </online>
              </distribution>
            </physical>
            <physical>
              <objectName>GBIF data portal</objectName>
              <characterEncoding>UTF-8</characterEncoding>
              <dataFormat>
                <externallyDefinedFormat>
                  <formatName>HTML</formatName>
                </externallyDefinedFormat>
              </dataFormat>
              <distribution>
                <online>
                  <url function="download">http://data.gbif.org/datasets/resource/14337/</url>
                </online>
              </distribution>
            </physical>
          <resourceLogoUrl>http://data.canadensys.net/ipt/logo.do?r=win-vascular-specimens</resourceLogoUrl>
          <collection>
            <parentCollectionIdentifier>WIN</parentCollectionIdentifier>
            <collectionIdentifier>WIN</collectionIdentifier>
            <collectionName>University of Manitoba Herbarium</collectionName>
          </collection>
            <formationPeriod>mid 1800s-present</formationPeriod>
          <specimenPreservationMethod>mounted</specimenPreservationMethod>
            <jgtiCuratorialUnit>
                <jgtiUnitType>Herbarium sheets/records</jgtiUnitType>
                <jgtiUnits
                        uncertaintyMeasure="1000">75000</jgtiUnits>
            </jgtiCuratorialUnit>
          <dc:replaces>b22b10e7-86da-4b80-8f49-f3f958a2463d/v5.xml</dc:replaces>
      </gbif>
    </metadata>
  </additionalMetadata>
</eml:eml>
